{"model":{"version":2,"nodes":[{"name":"RootNode","position":[0,0,0],"rotation":[0,0,0],"scale":[1,1,1],"scaleCompensation":false},{"name":"Arrow_root","position":[0,0,0],"rotation":[0,0,0],"scale":[0.01,0.01,0.01],"scaleCompensation":false},{"name":"Group33610","position":[0,0,0],"rotation":[0,0,0],"scale":[1,1,1],"scaleCompensation":false}],"parents":[-1,0,1],"skins":[],"morphs":[],"vertices":[{"position":{"type":"float32","components":3,"data":[-1.02386,0.243613,0.39209,-0.522229,0,1.2921,-0.52207,0.243606,1.29238,-0.295604,0.149725,-2.22028,-0.295604,0,-2.22028,-0.296906,0,-0.156927,0,0.149722,-5.1048,-0.295604,0,-2.22028,-0.295604,0.149725,-2.22028,-0.15123,0.242091,1.07333,0,0.147187,1.18824,-0.291799,0.149704,0.966676,-0.522229,0,1.2921,-1.02386,0.243613,0.39209,-1.02386,0,0.392088,-0.677849,0.243014,0.665019,-0.15123,0.242091,1.07333,-0.291799,0.149704,0.966676,-0.677849,0.243014,0.665019,-0.291799,0.149704,0.966676,-0.291851,-0.00176089,0.965718,0,0.147187,1.18824,0,0.149722,-5.1048,-0.295604,0.149725,-2.22028,0,0.147187,1.18824,-0.295604,0.149725,-2.22028,-0.291799,0.149704,0.966676,-0.295604,0.149725,-2.22028,-0.296906,0,-0.156927,-0.291799,0.149704,0.966676,0,0.149722,-5.1048,0,0,-5.10479,-0.295604,0,-2.22028,-0.677849,0.243014,0.665019,-0.291851,-0.00176089,0.965718,-0.677893,0,0.664984,-0.296906,0,-0.156927,-0.291851,-0.00176089,0.965718,-0.291799,0.149704,0.966676,-0.52207,0.243606,1.29238,-0.677849,0.243014,0.665019,-1.02386,0.243613,0.39209,-1.02386,0.243613,0.39209,-0.677849,0.243014,0.665019,-0.677893,0,0.664984,-0.52207,0.243606,1.29238,-0.522229,0,1.2921,0,0,2.22392,-0.677893,0,0.664984,-1.02386,0,0.392088,-1.02386,0.243613,0.39209,-0.52207,0.243606,1.29238,-0.15123,0.242091,1.07333,-0.677849,0.243014,0.665019,0,0.243606,2.22392,-0.15123,0.242091,1.07333,-0.52207,0.243606,1.29238,-0.52207,0.243606,1.29238,0,0,2.22392,0,0.243606,2.22392,0,0.243606,2.22392,0,0.241823,1.1865,-0.15123,0.242091,1.07333,0,0.241823,1.1865,0,0.147187,1.18824,-0.15123,0.242091,1.07333,0.52207,0.243606,1.29238,0.522229,0,1.2921,1.02386,0.243613,0.39209,0.296906,0,-0.156927,0.295604,0,-2.22028,0.295604,0.149725,-2.22028,0.295604,0.149725,-2.22028,0.295604,0,-2.22028,0,0.149722,-5.1048,0.291799,0.149704,0.966676,0,0.147187,1.18824,0.15123,0.242091,1.07333,1.02386,0,0.392088,1.02386,0.243613,0.39209,0.522229,0,1.2921,0.291799,0.149704,0.966676,0.15123,0.242091,1.07333,0.677849,0.243014,0.665019,0.291851,-0.00176089,0.965718,0.291799,0.149704,0.966676,0.677849,0.243014,0.665019,0.295604,0.149725,-2.22028,0,0.149722,-5.1048,0,0.147187,1.18824,0.291799,0.149704,0.966676,0.295604,0.149725,-2.22028,0,0.147187,1.18824,0.291799,0.149704,0.966676,0.296906,0,-0.156927,0.295604,0.149725,-2.22028,0.295604,0,-2.22028,0,0,-5.10479,0,0.149722,-5.1048,0.677893,0,0.664984,0.291851,-0.00176089,0.965718,0.677849,0.243014,0.665019,0.291799,0.149704,0.966676,0.291851,-0.00176089,0.965718,0.296906,0,-0.156927,1.02386,0.243613,0.39209,0.677849,0.243014,0.665019,0.52207,0.243606,1.29238,0.677893,0,0.664984,0.677849,0.243014,0.665019,1.02386,0.243613,0.39209,0,0,2.22392,0.522229,0,1.2921,0.52207,0.243606,1.29238,1.02386,0.243613,0.39209,1.02386,0,0.392088,0.677893,0,0.664984,0.677849,0.243014,0.665019,0.15123,0.242091,1.07333,0.52207,0.243606,1.29238,0.52207,0.243606,1.29238,0.15123,0.242091,1.07333,0,0.243606,2.22392,0,0.243606,2.22392,0,0,2.22392,0.52207,0.243606,1.29238,0.15123,0.242091,1.07333,0,0.241823,1.1865,0,0.243606,2.22392,0.15123,0.242091,1.07333,0,0.147187,1.18824,0,0.241823,1.1865,-0.52207,-0.243606,1.29238,-0.522229,0,1.2921,-1.02386,-0.243613,0.39209,-0.296906,0,-0.156927,-0.295604,0,-2.22028,-0.295604,-0.149725,-2.22028,-0.295604,-0.149725,-2.22028,-0.295604,0,-2.22028,0,-0.149722,-5.1048,-0.294126,-0.149703,0.964225,0,-0.147187,1.18824,-0.15123,-0.242091,1.07333,-1.02386,0,0.392088,-1.02386,-0.243613,0.39209,-0.522229,0,1.2921,-0.294126,-0.149703,0.964225,-0.15123,-0.242091,1.07333,-0.677849,-0.243014,0.665019,-0.291851,-0.00176089,0.965718,-0.294126,-0.149703,0.964225,-0.677849,-0.243014,0.665019,-0.295604,-0.149725,-2.22028,0,-0.149722,-5.1048,0,-0.147187,1.18824,-0.294126,-0.149703,0.964225,-0.295604,-0.149725,-2.22028,0,-0.147187,1.18824,-0.294126,-0.149703,0.964225,-0.296906,0,-0.156927,-0.295604,-0.149725,-2.22028,-0.295604,0,-2.22028,0,0,-5.10479,0,-0.149722,-5.1048,-0.677893,0,0.664984,-0.291851,-0.00176089,0.965718,-0.677849,-0.243014,0.665019,-0.294126,-0.149703,0.964225,-0.291851,-0.00176089,0.965718,-0.296906,0,-0.156927,-1.02386,-0.243613,0.39209,-0.677849,-0.243014,0.665019,-0.52207,-0.243606,1.29238,-0.677893,0,0.664984,-0.677849,-0.243014,0.665019,-1.02386,-0.243613,0.39209,0,0,2.22392,-0.522229,0,1.2921,-0.52207,-0.243606,1.29238,-1.02386,-0.243613,0.39209,-1.02386,0,0.392088,-0.677893,0,0.664984,-0.677849,-0.243014,0.665019,-0.15123,-0.242091,1.07333,-0.52207,-0.243606,1.29238,-0.52207,-0.243606,1.29238,-0.15123,-0.242091,1.07333,0,-0.243606,2.22392,0,-0.243606,2.22392,0,0,2.22392,-0.52207,-0.243606,1.29238,-0.15123,-0.242091,1.07333,0,-0.241823,1.1865,0,-0.243606,2.22392,-0.15123,-0.242091,1.07333,0,-0.147187,1.18824,0,-0.241823,1.1865,1.02386,-0.243613,0.39209,0.522229,0,1.2921,0.52207,-0.243606,1.29238,0.295604,-0.149725,-2.22028,0.295604,0,-2.22028,0.296906,0,-0.156927,0,-0.149722,-5.1048,0.295604,0,-2.22028,0.295604,-0.149725,-2.22028,0.15123,-0.242091,1.07333,0,-0.147187,1.18824,0.294126,-0.149703,0.964225,0.522229,0,1.2921,1.02386,-0.243613,0.39209,1.02386,0,0.392088,0.677849,-0.243014,0.665019,0.15123,-0.242091,1.07333,0.294126,-0.149703,0.964225,0.677849,-0.243014,0.665019,0.294126,-0.149703,0.964225,0.291851,-0.00176089,0.965718,0,-0.147187,1.18824,0,-0.149722,-5.1048,0.295604,-0.149725,-2.22028,0,-0.147187,1.18824,0.295604,-0.149725,-2.22028,0.294126,-0.149703,0.964225,0.295604,-0.149725,-2.22028,0.296906,0,-0.156927,0.294126,-0.149703,0.964225,0,-0.149722,-5.1048,0,0,-5.10479,0.295604,0,-2.22028,0.677849,-0.243014,0.665019,0.291851,-0.00176089,0.965718,0.677893,0,0.664984,0.296906,0,-0.156927,0.291851,-0.00176089,0.965718,0.294126,-0.149703,0.964225,0.52207,-0.243606,1.29238,0.677849,-0.243014,0.665019,1.02386,-0.243613,0.39209,1.02386,-0.243613,0.39209,0.677849,-0.243014,0.665019,0.677893,0,0.664984,0.52207,-0.243606,1.29238,0.522229,0,1.2921,0,0,2.22392,0.677893,0,0.664984,1.02386,0,0.392088,1.02386,-0.243613,0.39209,0.52207,-0.243606,1.29238,0.15123,-0.242091,1.07333,0.677849,-0.243014,0.665019,0,-0.243606,2.22392,0.15123,-0.242091,1.07333,0.52207,-0.243606,1.29238,0.52207,-0.243606,1.29238,0,0,2.22392,0,-0.243606,2.22392,0,-0.243606,2.22392,0,-0.241823,1.1865,0.15123,-0.242091,1.07333,0,-0.241823,1.1865,0,-0.147187,1.18824,0.15123,-0.242091,1.07333]},"normal":{"type":"float32","components":3,